{
  "best_global_step": null,
  "best_metric": null,
  "best_model_checkpoint": null,
  "epoch": 6.0,
  "eval_steps": 500,
  "global_step": 150,
  "is_hyper_param_search": false,
  "is_local_process_zero": true,
  "is_world_process_zero": true,
  "log_history": [
    {
      "epoch": 0.40404040404040403,
      "grad_norm": 25.09091567993164,
      "learning_rate": 0.000192,
      "loss": 5.6347,
      "mean_token_accuracy": 0.2561643846333027,
      "num_tokens": 20480.0,
      "step": 10
    },
    {
      "epoch": 0.8080808080808081,
      "grad_norm": 0.19653958082199097,
      "learning_rate": 0.00017866666666666668,
      "loss": 0.3984,
      "mean_token_accuracy": 0.9178082168102264,
      "num_tokens": 40960.0,
      "step": 20
    },
    {
      "epoch": 1.202020202020202,
      "grad_norm": 0.23470844328403473,
      "learning_rate": 0.00016533333333333333,
      "loss": 0.2059,
      "mean_token_accuracy": 0.9525816623981183,
      "num_tokens": 60928.0,
      "step": 30
    },
    {
      "epoch": 1.606060606060606,
      "grad_norm": 0.3145825266838074,
      "learning_rate": 0.000152,
      "loss": 0.0933,
      "mean_token_accuracy": 0.9792563572525979,
      "num_tokens": 81408.0,
      "step": 40
    },
    {
      "epoch": 2.0,
      "grad_norm": 0.10453875362873077,
      "learning_rate": 0.00013866666666666669,
      "loss": 0.0699,
      "mean_token_accuracy": 0.9831401415360279,
      "num_tokens": 101376.0,
      "step": 50
    },
    {
      "epoch": 2.404040404040404,
      "grad_norm": 0.10888919234275818,
      "learning_rate": 0.00012533333333333334,
      "loss": 0.0611,
      "mean_token_accuracy": 0.98566535115242,
      "num_tokens": 121856.0,
      "step": 60
    },
    {
      "epoch": 2.808080808080808,
      "grad_norm": 0.10043108463287354,
      "learning_rate": 0.00011200000000000001,
      "loss": 0.0633,
      "mean_token_accuracy": 0.9840508759021759,
      "num_tokens": 142336.0,
      "step": 70
    },
    {
      "epoch": 3.202020202020202,
      "grad_norm": 0.11104614287614822,
      "learning_rate": 9.866666666666668e-05,
      "loss": 0.0521,
      "mean_token_accuracy": 0.9855486903435144,
      "num_tokens": 162304.0,
      "step": 80
    },
    {
      "epoch": 3.606060606060606,
      "grad_norm": 0.09686849266290665,
      "learning_rate": 8.533333333333334e-05,
      "loss": 0.0529,
      "mean_token_accuracy": 0.9854207366704941,
      "num_tokens": 182784.0,
      "step": 90
    },
    {
      "epoch": 4.0,
      "grad_norm": 0.0890926718711853,
      "learning_rate": 7.2e-05,
      "loss": 0.0549,
      "mean_token_accuracy": 0.9858999328735547,
      "num_tokens": 202752.0,
      "step": 100
    },
    {
      "epoch": 4.404040404040404,
      "grad_norm": 0.11292020231485367,
      "learning_rate": 5.866666666666667e-05,
      "loss": 0.0457,
      "mean_token_accuracy": 0.9878179967403412,
      "num_tokens": 223232.0,
      "step": 110
    },
    {
      "epoch": 4.808080808080808,
      "grad_norm": 0.12005405873060226,
      "learning_rate": 4.5333333333333335e-05,
      "loss": 0.0531,
      "mean_token_accuracy": 0.9863502815365791,
      "num_tokens": 243712.0,
      "step": 120
    },
    {
      "epoch": 5.202020202020202,
      "grad_norm": 0.1620924323797226,
      "learning_rate": 3.2000000000000005e-05,
      "loss": 0.0499,
      "mean_token_accuracy": 0.9863515389271271,
      "num_tokens": 263680.0,
      "step": 130
    },
    {
      "epoch": 5.606060606060606,
      "grad_norm": 0.0993659496307373,
      "learning_rate": 1.866666666666667e-05,
      "loss": 0.0453,
      "mean_token_accuracy": 0.9878179922699928,
      "num_tokens": 284160.0,
      "step": 140
    },
    {
      "epoch": 6.0,
      "grad_norm": 0.10151918232440948,
      "learning_rate": 5.333333333333334e-06,
      "loss": 0.0466,
      "mean_token_accuracy": 0.9879572360943525,
      "num_tokens": 304128.0,
      "step": 150
    }
  ],
  "logging_steps": 10,
  "max_steps": 150,
  "num_input_tokens_seen": 0,
  "num_train_epochs": 6,
  "save_steps": 500,
  "stateful_callbacks": {
    "TrainerControl": {
      "args": {
        "should_epoch_stop": false,
        "should_evaluate": false,
        "should_log": false,
        "should_save": true,
        "should_training_stop": true
      },
      "attributes": {}
    }
  },
  "total_flos": 6800974918189056.0,
  "train_batch_size": 1,
  "trial_name": null,
  "trial_params": null
}
